competitor_app_id,competitor_title,keyword,ranking,is_typo,volume,score
6503702359,AI house design - Renomo,ai exterior home design free,4,False,27,100.0
6503702359,AI house design - Renomo,provia,6,False,24,78.34
6503702359,AI house design - Renomo,ai exterior home design,9,False,21,56.43
6503702359,AI house design - Renomo,ai home exterior,9,False,19,51.05
6503702359,AI house design - Renomo,exterior house,5,False,11,38.26
6503702359,AI house design - Renomo,aı home design,25,False,43,36.21
6503702359,AI house design - Renomo,ai house exterior,15,False,16,28.55
6503702359,AI house design - Renomo,home ia,19,False,21,28.06
6503702359,AI house design - Renomo,ai home remodel,21,False,22,25.3
6503702359,AI house design - Renomo,home renovation ai,17,False,16,24.75
6503702359,AI house design - Renomo,fachada,1,False,5,22.27
6503702359,AI house design - Renomo,fachadas,1,False,5,22.27
6503702359,AI house design - Renomo,planner decohouse,1,False,5,22.27
6503702359,AI house design - Renomo,yard decor,1,False,5,22.27
6503702359,AI house design - Renomo,diseño de exteriores de casas ia,2,False,5,20.96
6503702359,AI house design - Renomo,diseño de exteriores ia,2,False,5,20.96
6503702359,AI house design - Renomo,remodelación de casas,2,True,5,20.96
6503702359,AI house design - Renomo,paint my house exterior,22,False,19,20.25
6503702359,AI house design - Renomo,home landscaping renovation,3,False,5,19.71
6503702359,AI house design - Renomo,remodel dec,3,False,5,19.71
6503702359,AI house design - Renomo,remodelación,3,False,5,19.71
6503702359,AI house design - Renomo,renovation ai home,3,False,5,19.71
6503702359,AI house design - Renomo,ios ai home design,29,False,31,18.79
6503702359,AI house design - Renomo,ai cas,4,False,5,18.52
6503702359,AI house design - Renomo,apartment renovation,4,False,5,18.52
6503702359,AI house design - Renomo,aremodel home designer,4,False,5,18.52
6503702359,AI house design - Renomo,diseño de exteriores con ia,4,False,5,18.52
6503702359,AI house design - Renomo,exterior renovation,4,False,5,18.52
6503702359,AI house design - Renomo,home exterior,5,False,5,17.39
6503702359,AI house design - Renomo,maison ia,5,False,5,17.39
6503702359,AI house design - Renomo,ai outdoor design,22,False,16,17.05
6503702359,AI house design - Renomo,ai remodel home renovation,6,False,5,16.32
6503702359,AI house design - Renomo,design home remodel,6,False,5,16.32
6503702359,AI house design - Renomo,room remodeling,6,False,5,16.32
6503702359,AI house design - Renomo,room remodeling app,6,False,5,16.32
6503702359,AI house design - Renomo,deco interior design,7,False,5,15.31
6503702359,AI house design - Renomo,exterior decor,7,False,5,15.31
6503702359,AI house design - Renomo,free exterior home design app,7,False,5,15.31
6503702359,AI house design - Renomo,home landscape,7,False,5,15.31
6503702359,AI house design - Renomo,renovate planner,7,False,5,15.31
6503702359,AI house design - Renomo,ai hous,8,False,5,14.35
6503702359,AI house design - Renomo,design ai garden,8,False,5,14.35
6503702359,AI house design - Renomo,diseño de exteriores de casas,8,False,5,14.35
6503702359,AI house design - Renomo,exterior home,8,False,5,14.35
6503702359,AI house design - Renomo,home ai exterior,8,False,5,14.35
6503702359,AI house design - Renomo,ia decoración,8,False,5,14.35
6503702359,AI house design - Renomo,renovate ai exterior,8,False,5,14.35
6503702359,AI house design - Renomo,room decorate interior design,8,False,5,14.35
6503702359,AI house design - Renomo,house renovation,26,False,18,13.99
6503702359,AI house design - Renomo,home exterior visualizer,22,False,13,13.85
6503702359,AI house design - Renomo,ai exterior homes designs,9,False,5,13.43
6503702359,AI house design - Renomo,ai room design home renovate,9,False,5,13.43
6503702359,AI house design - Renomo,backyard interior,9,False,5,13.43
6503702359,AI house design - Renomo,design de exteriore,9,False,5,13.43
6503702359,AI house design - Renomo,design home exterior,9,False,5,13.43
6503702359,AI house design - Renomo,renovate architecture,9,False,5,13.43
6503702359,AI house design - Renomo,design de exteriores,10,False,5,12.57
6503702359,AI house design - Renomo,house room bedroom,10,False,5,12.57
6503702359,AI house design - Renomo,remodel hom,10,False,5,12.57
6503702359,AI house design - Renomo,remodelar casa,10,False,5,12.57
6503702359,AI house design - Renomo,ai remodel hom,11,False,5,11.76
6503702359,AI house design - Renomo,ai room interior home design,11,False,5,11.76
6503702359,AI house design - Renomo,exterior home design app free,11,False,5,11.76
6503702359,AI house design - Renomo,garden decoracion,11,False,5,11.76
6503702359,AI house design - Renomo,backyard ai,32,False,25,11.7
6503702359,AI house design - Renomo,ai exterior,12,False,5,10.99
6503702359,AI house design - Renomo,decor kitchen,12,False,5,10.99
6503702359,AI house design - Renomo,home interior bathroom design,12,False,5,10.99
6503702359,AI house design - Renomo,remodel des,12,False,5,10.99
6503702359,AI house design - Renomo,remodell,12,False,5,10.99
6503702359,AI house design - Renomo,design intérieur ai,13,False,5,10.26
6503702359,AI house design - Renomo,design remodelé ai,13,False,5,10.26
6503702359,AI house design - Renomo,diseño de exteriores gratis,13,False,5,10.26
6503702359,AI house design - Renomo,redesign house,13,False,5,10.26
6503702359,AI house design - Renomo,remodel ai home renovation,36,False,30,9.75
6503702359,AI house design - Renomo,arch interior design remodel,14,False,5,9.57
6503702359,AI house design - Renomo,bathroom dsogn,14,False,5,9.57
6503702359,AI house design - Renomo,exterior ai,14,False,5,9.57
6503702359,AI house design - Renomo,home renovation planner,14,False,5,9.57
6503702359,AI house design - Renomo,kitchen cabinet design app free,14,False,5,9.57
6503702359,AI house design - Renomo,redecorate ai room,14,False,5,9.57
6503702359,AI house design - Renomo,remodel home renovation,14,False,5,9.57
6503702359,AI house design - Renomo,remodelinterior design,14,False,5,9.57
6503702359,AI house design - Renomo,renovation ideas,14,False,5,9.57
6503702359,AI house design - Renomo,yard ai,14,False,5,9.57
6503702359,AI house design - Renomo,bristles ai for diy design,32,False,20,9.36
6503702359,AI house design - Renomo,ai renovation,15,False,5,8.92
6503702359,AI house design - Renomo,casa ai,15,False,5,8.92
6503702359,AI house design - Renomo,garden landscape and design,15,False,5,8.92
6503702359,AI house design - Renomo,house remideling,15,True,5,8.92
6503702359,AI house design - Renomo,ia interieur,15,False,5,8.92
6503702359,AI house design - Renomo,interior design home renovation,15,False,5,8.92
6503702359,AI house design - Renomo,interior deso,15,False,5,8.92
6503702359,AI house design - Renomo,kitchen cabinet designn,15,False,5,8.92
6503702359,AI house design - Renomo,landscape garden design apps,15,False,5,8.92
6503702359,AI house design - Renomo,planner home remodel,15,False,5,8.92
6503702359,AI house design - Renomo,redecor your home ai interior,15,False,5,8.92
6503702359,AI house design - Renomo,remodel costs,15,False,5,8.92
6503702359,AI house design - Renomo,renovation costs,15,False,5,8.92
6503702359,AI house design - Renomo,room pl,15,False,5,8.92
6747612920,NewHome AI,idrl,1,False,5,100.0
6747612920,NewHome AI,oemis,1,False,5,100.0
6747612920,NewHome AI,zoor,1,False,5,100.0
6747612920,NewHome AI,unyq,2,False,5,94.09
6747612920,NewHome AI,ninebot,32,False,34,71.41
6747612920,NewHome AI,stylish room,30,False,27,67.48
6747612920,NewHome AI,superior vision,30,False,26,64.98
6747612920,NewHome AI,ultimate interior,13,False,5,46.06
6747612920,NewHome AI,room new,15,False,5,40.06
6747612920,NewHome AI,reimagine your,18,False,5,32.29
6747612920,NewHome AI,9apps m,19,False,5,30.0
6747612920,NewHome AI,blinding colrs,19,False,5,30.0
6747612920,NewHome AI,doowalls,19,False,5,30.0
6747612920,NewHome AI,rocollectible,20,False,5,27.84
6747612920,NewHome AI,ai living room,21,False,5,25.82
6747612920,NewHome AI,1500 interiors,22,False,5,23.92
6747612920,NewHome AI,room new photos,23,False,5,22.14
6747612920,NewHome AI,inroom preview,26,False,5,17.44
6747612920,NewHome AI,asfalt 9,28,False,5,14.8
6747612920,NewHome AI,space room new,28,False,5,14.8
6747612920,NewHome AI,ai decorator interior design free,48,False,34,14.28
6747612920,NewHome AI,cool graphics,29,False,5,13.61
6747612920,NewHome AI,ai room transformation,30,False,5,12.5
6747612920,NewHome AI,alpha 9,32,False,5,10.5
6747612920,NewHome AI,decorate everywhere,35,False,5,8.01
6747612920,NewHome AI,scentiment,50,False,24,7.97
6747612920,NewHome AI,ai apartment render,36,False,5,7.3
6747612920,NewHome AI,turing vision,51,False,23,6.76
6747612920,NewHome AI,ai room render,37,False,5,6.64
6747612920,NewHome AI,w9,37,False,5,6.64
6747612920,NewHome AI,floor room ai,38,False,5,6.03
6747612920,NewHome AI,interior dream ai,38,False,5,6.03
6747612920,NewHome AI,modern living room ai,38,False,5,6.03
6747612920,NewHome AI,change your room,39,False,5,5.47
6747612920,NewHome AI,flyer ai design,39,False,5,5.47
6747612920,NewHome AI,ai apartment redesign,41,False,5,4.48
6747612920,NewHome AI,automatic kitchen layout,41,False,5,4.48
6747612920,NewHome AI,ai floor room,42,False,5,4.04
6747612920,NewHome AI,ai balcony remodel,43,False,5,3.64
6747612920,NewHome AI,ai dining room style,43,False,5,3.64
6747612920,NewHome AI,ai red carpet,43,False,5,3.64
6747612920,NewHome AI,balcony ai,43,False,5,3.64
6747612920,NewHome AI,redesigned,43,False,5,3.64
6747612920,NewHome AI,roomful studio,43,False,5,3.64
6747612920,NewHome AI,ai interior concept,45,False,5,2.94
6747612920,NewHome AI,ai living room transformer,45,False,5,2.94
6747612920,NewHome AI,apdg,45,False,5,2.94
6747612920,NewHome AI,a9,56,False,19,2.93
6747612920,NewHome AI,ai bedroom layout,47,False,5,2.35
6747612920,NewHome AI,floor ai room,47,False,5,2.35
6747612920,NewHome AI,ai roo,48,False,5,2.1
6747612920,NewHome AI,ai room plane,48,False,5,2.1
6747612920,NewHome AI,class 9 ai,48,False,5,2.1
6747612920,NewHome AI,lightwell previewer,48,False,5,2.1
6747612920,NewHome AI,my dreamy room,48,False,5,2.1
6747612920,NewHome AI,lumariq,49,False,5,1.87
6747612920,NewHome AI,visualization room,49,False,5,1.87
6747612920,NewHome AI,ai bedroom style,50,False,5,1.66
6747612920,NewHome AI,fusionroom,50,False,5,1.66
6747612920,NewHome AI,isometric room,50,False,5,1.66
6747612920,NewHome AI,renovate ai remodel redecor,50,False,5,1.66
6747612920,NewHome AI,sky room,60,False,17,1.48
6747612920,NewHome AI,ai hdesigner room,51,False,5,1.47
6747612920,NewHome AI,quality graphics,51,False,5,1.47
6747612920,NewHome AI,bathroom design ai,52,False,5,1.3
6747612920,NewHome AI,dining room ai,52,False,5,1.3
6747612920,NewHome AI,imagine ai room,52,False,5,1.3
6747612920,NewHome AI,kitchen render with ai,52,False,5,1.3
6747612920,NewHome AI,ai dining room generator,53,False,5,1.14
6747612920,NewHome AI,microoled,53,False,5,1.14
6747612920,NewHome AI,sparf,53,False,5,1.14
6747612920,NewHome AI,visual ai interior,53,False,5,1.14
6747612920,NewHome AI,ai balcony generator,54,False,5,1.01
6747612920,NewHome AI,deco room,54,False,5,1.01
6747612920,NewHome AI,kid 360,54,False,5,1.01
6747612920,NewHome AI,outdoor visualizer ai,54,False,5,1.01
6747612920,NewHome AI,pinterest room,54,False,5,1.01
6747612920,NewHome AI,fantasy room,68,False,42,0.96
6747612920,NewHome AI,perfect room,62,False,14,0.9
6747612920,NewHome AI,ai for home design,55,False,5,0.88
6747612920,NewHome AI,interior layout ai,55,False,5,0.88
6747612920,NewHome AI,ai desing a real room,56,False,5,0.77
6747612920,NewHome AI,ai exterior visualizer,56,False,5,0.77
6747612920,NewHome AI,ai room floor,56,False,5,0.77
6747612920,NewHome AI,ai room visualizer,56,False,5,0.77
6747612920,NewHome AI,ai rooms,56,False,5,0.77
6747612920,NewHome AI,grounded vision,56,False,5,0.77
6747612920,NewHome AI,living room ai,56,False,5,0.77
6747612920,NewHome AI,renovation ai,56,False,5,0.77
6747612920,NewHome AI,room ai floor,56,False,5,0.77
6747612920,NewHome AI,ai balcony style,57,False,5,0.67
6747612920,NewHome AI,ai interior deco,57,False,5,0.67
6747612920,NewHome AI,interior ai makeover,57,False,5,0.67
6747612920,NewHome AI,ai flyers,58,False,5,0.58
6747612920,NewHome AI,ai room makeover,58,False,5,0.58
6747612920,NewHome AI,bedroom interior ai,58,False,5,0.58
6747612920,NewHome AI,interior remodeled ai,58,False,5,0.58
6747612920,NewHome AI,remodel your home ai,58,False,5,0.58
6747612920,NewHome AI,roomgbt ai,58,False,5,0.58
6747612920,NewHome AI,ai kitchen renovation,59,False,5,0.5
6740799004,Home AI - Interior Design,remodel ai,2,False,39,100.0
6740799004,Home AI - Interior Design,ai interior design,1,False,34,92.66
6740799004,Home AI - Interior Design,home ai,6,False,46,91.86
6740799004,Home AI - Interior Design,ai home design,6,False,43,85.86
6740799004,Home AI - Interior Design,home design ai,2,False,32,82.05
6740799004,Home AI - Interior Design,remodel ai home renovation,1,False,30,81.75
6740799004,Home AI - Interior Design,ai room design,4,False,34,77.03
6740799004,Home AI - Interior Design,home decor ai,1,False,26,70.85
6740799004,Home AI - Interior Design,ai house design,2,False,27,69.23
6740799004,Home AI - Interior Design,interior design by home ai,1,False,23,62.68
6740799004,Home AI - Interior Design,ai decorator,2,False,24,61.54
6740799004,Home AI - Interior Design,ai designer interior design,6,False,30,59.91
6740799004,Home AI - Interior Design,homeaı,4,False,25,56.64
6740799004,Home AI - Interior Design,ai remodel app,2,False,21,53.85
6740799004,Home AI - Interior Design,homeai,5,False,25,53.19
6740799004,Home AI - Interior Design,ai home exterior,1,False,19,51.78
6740799004,Home AI - Interior Design,home ai ai interior design,2,False,15,38.46
6740799004,Home AI - Interior Design,al remodel,1,True,5,13.63
6740799004,Home AI - Interior Design,homedesignsai,1,True,5,13.63
6740799004,Home AI - Interior Design,3d remodel,2,True,5,12.82
6740799004,Home AI - Interior Design,ai inteior design,2,True,5,12.82
6740799004,Home AI - Interior Design,ai interiordesign,2,False,5,12.82
6740799004,Home AI - Interior Design,remidel ai,2,True,5,12.82
6740799004,Home AI - Interior Design,remodal ai,2,True,5,12.82
6740799004,Home AI - Interior Design,remode ai,2,True,5,12.82
6740799004,Home AI - Interior Design,remodel a1,2,True,5,12.82
6740799004,Home AI - Interior Design,remodel ai app,2,False,5,12.82
6740799004,Home AI - Interior Design,remodel al,2,True,5,12.82
6740799004,Home AI - Interior Design,remodel al app,2,True,5,12.82
6740799004,Home AI - Interior Design,remodel all,2,True,5,12.82
6740799004,Home AI - Interior Design,remodel ia,2,True,5,12.82
6740799004,Home AI - Interior Design,remodelai,2,False,5,12.82
6740799004,Home AI - Interior Design,remodle ai,2,True,5,12.82
6740799004,Home AI - Interior Design,temodel ai,2,True,5,12.82
6740799004,Home AI - Interior Design,ai for interior design,3,False,5,12.06
6740799004,Home AI - Interior Design,ai interior desig,3,True,5,12.06
6740799004,Home AI - Interior Design,airemodel,3,False,5,12.06
6740799004,Home AI - Interior Design,aí interior design,3,False,5,12.06
6740799004,Home AI - Interior Design,homedesignai,3,False,5,12.06
6740799004,Home AI - Interior Design,5d home design,4,True,5,11.33
6740799004,Home AI - Interior Design,ar interior design,4,True,5,11.33
6740799004,Home AI - Interior Design,house decor ai,4,True,5,11.33
6740799004,Home AI - Interior Design,ai room redesign,5,True,5,10.64
6740799004,Home AI - Interior Design,home ai app,5,False,5,10.64
6740799004,Home AI - Interior Design,ai for home design,6,False,5,9.98
6740799004,Home AI - Interior Design,ai home design app,6,False,5,9.98
6740799004,Home AI - Interior Design,diy home design,6,True,5,9.98
6740799004,Home AI - Interior Design,prome ai,6,True,5,9.98
6740799004,Home AI - Interior Design,ia home design,22,False,15,9.78
6740799004,Home AI - Interior Design,friday article ai,7,False,5,9.36
6740799004,Home AI - Interior Design,ai decorator free,25,False,18,9.27
6740799004,Home AI - Interior Design,ai interior design app,8,False,5,8.78
6740799004,Home AI - Interior Design,home design by ai,8,False,5,8.78
6740799004,Home AI - Interior Design,home stage,8,False,5,8.78
6740799004,Home AI - Interior Design,exterior staging,11,False,5,7.19
6740799004,Home AI - Interior Design,virtual interior decorator,11,False,5,7.19
6740799004,Home AI - Interior Design,curb appeal ai,12,False,5,6.72
6740799004,Home AI - Interior Design,abc design gmbh,13,False,5,6.28
6740799004,Home AI - Interior Design,bedroom virtual,13,False,5,6.28
6740799004,Home AI - Interior Design,ai interio interior,15,False,5,5.46
6740799004,Home AI - Interior Design,maison intelligente,15,False,5,5.46
6740799004,Home AI - Interior Design,remodelai home decor design ai,15,False,5,5.46
6740799004,Home AI - Interior Design,ai interi interior,16,False,5,5.08
6740799004,Home AI - Interior Design,remodelai home decor,16,False,5,5.08
6740799004,Home AI - Interior Design,staging planner,16,False,5,5.08
6740799004,Home AI - Interior Design,prodel,17,False,5,4.73
6740799004,Home AI - Interior Design,home ai interior design app free,37,False,26,4.71
6740799004,Home AI - Interior Design,ai exterior home design free,38,False,27,4.44
6740799004,Home AI - Interior Design,ai inter interior,19,False,5,4.09
6740799004,Home AI - Interior Design,al decorating design,19,False,5,4.09
6740799004,Home AI - Interior Design,design invitaciones,20,False,5,3.79
6740799004,Home AI - Interior Design,ai hme,21,False,5,3.52
6740799004,Home AI - Interior Design,ai rô interior,21,False,5,3.52
6740799004,Home AI - Interior Design,design intérieur ia,21,False,5,3.52
6740799004,Home AI - Interior Design,virtual renovation,21,False,5,3.52
6740799004,Home AI - Interior Design,reimagine home ai,40,False,26,3.51
6740799004,Home AI - Interior Design,hgtv,42,False,30,3.31
6740799004,Home AI - Interior Design,ai app for interior design,22,False,5,3.26
6740799004,Home AI - Interior Design,ai interior ho,22,False,5,3.26
6740799004,Home AI - Interior Design,sofabrain,22,False,5,3.26
6740799004,Home AI - Interior Design,aia25,23,True,5,3.02
6740799004,Home AI - Interior Design,décoration d’intérieur ai,23,False,5,3.02
6740799004,Home AI - Interior Design,home arch,25,False,5,2.58
6740799004,Home AI - Interior Design,ai home desi,26,False,5,2.38
6740799004,Home AI - Interior Design,ai stage,26,False,5,2.38
6740799004,Home AI - Interior Design,chambre ai déco design intérieur,26,False,5,2.38
6740799004,Home AI - Interior Design,design ai inte,26,False,5,2.38
6740799004,Home AI - Interior Design,home ai floor,26,False,5,2.38
6740799004,Home AI - Interior Design,remodel ai interi,26,False,5,2.38
6740799004,Home AI - Interior Design,remodela i,26,False,5,2.38
6740799004,Home AI - Interior Design,bedroom interior design,27,False,5,2.19
6740799004,Home AI - Interior Design,floor home ai,27,False,5,2.19
6740799004,Home AI - Interior Design,interior exterior,27,False,5,2.19
6740799004,Home AI - Interior Design,design automation,28,False,5,2.02
6740799004,Home AI - Interior Design,maison ia,28,False,5,2.02
6740799004,Home AI - Interior Design,staging design,28,False,5,2.02
6740799004,Home AI - Interior Design,2000 arredamenti,29,False,5,1.85
6740799004,Home AI - Interior Design,ai exterior homes designs,29,False,5,1.85
6740799004,Home AI - Interior Design,ai hme designer,29,False,5,1.85
6740799004,Home AI - Interior Design,home interior bathroom design,29,False,5,1.85
6446040791,Remodel AI - Home Design,remodel ai,1,False,39,100.0
6446040791,Remodel AI - Home Design,remodel:ai,1,False,39,100.0
6446040791,Remodel AI - Home Design,ai home design free,4,False,46,98.06
6446040791,Remodel AI - Home Design,remodel ai free,1,False,36,92.31
6446040791,Remodel AI - Home Design,home ai,5,False,46,92.09
6446040791,Remodel AI - Home Design,ai home design,4,False,43,91.67
6446040791,Remodel AI - Home Design,interior design ai,4,False,42,89.54
6446040791,Remodel AI - Home Design,ai home desıgn,5,False,43,86.09
6446040791,Remodel AI - Home Design,ai remodel app free,4,False,39,83.14
6446040791,Remodel AI - Home Design,ai room design free,5,False,41,82.08
6446040791,Remodel AI - Home Design,renovate ai,2,False,34,82.03
6446040791,Remodel AI - Home Design,ai interior design free,5,False,38,76.08
6446040791,Remodel AI - Home Design,aı home desıgn,7,False,43,75.77
6446040791,Remodel AI - Home Design,houzz,8,False,45,74.31
6446040791,Remodel AI - Home Design,home ai interior design app,5,False,37,74.07
6446040791,Remodel AI - Home Design,home design ai,3,False,32,72.59
6446040791,Remodel AI - Home Design,ai decorator interior design free,4,False,34,72.48
6446040791,Remodel AI - Home Design,ai designer:interior design,2,False,30,72.38
6446040791,Remodel AI - Home Design,remodel ai home renovation,2,False,30,72.38
6446040791,Remodel AI - Home Design,interior design,9,False,46,71.14
6446040791,Remodel AI - Home Design,iscape free landscape designs,4,False,33,70.35
6446040791,Remodel AI - Home Design,visualize ai,2,False,29,69.96
6446040791,Remodel AI - Home Design,landscape design free,6,False,37,69.52
6446040791,Remodel AI - Home Design,landscape design,5,False,34,68.07
6446040791,Remodel AI - Home Design,ios ai home design,4,False,31,66.09
6446040791,Remodel AI - Home Design,ai remodel,3,False,29,65.79
6446040791,Remodel AI - Home Design,ai exterior home design free,2,False,27,65.14
6446040791,Remodel AI - Home Design,ai design,5,False,32,64.06
6446040791,Remodel AI - Home Design,ai home,2,False,26,62.73
6446040791,Remodel AI - Home Design,home aı,11,False,46,62.26
6446040791,Remodel AI - Home Design,yard house,4,False,29,61.82
6446040791,Remodel AI - Home Design,remodel,1,False,24,61.54
6446040791,Remodel AI - Home Design,renovate ai free,2,False,25,60.31
6446040791,Remodel AI - Home Design,ai landscape design free,5,False,30,60.06
6446040791,Remodel AI - Home Design,home decor ai interior design,5,False,30,60.06
6446040791,Remodel AI - Home Design,reimagine home ai,3,False,26,58.98
6446040791,Remodel AI - Home Design,floor and decor,9,False,38,58.77
6446040791,Remodel AI - Home Design,iscape,7,False,33,58.15
6446040791,Remodel AI - Home Design,ai house design,4,False,27,57.56
6446040791,Remodel AI - Home Design,free ai design,4,False,27,57.56
6446040791,Remodel AI - Home Design,homegpt,4,False,27,57.56
6446040791,Remodel AI - Home Design,home remodel ai free,1,False,22,56.41
6446040791,Remodel AI - Home Design,architecture design,7,False,32,56.39
6446040791,Remodel AI - Home Design,aı home design,12,False,43,54.39
6446040791,Remodel AI - Home Design,dec ai home design,5,False,27,54.05
6446040791,Remodel AI - Home Design,provia visualizer,1,False,21,53.85
6446040791,Remodel AI - Home Design,ai interior design,9,False,34,52.58
6446040791,Remodel AI - Home Design,home ai interior design,5,False,26,52.05
6446040791,Remodel AI - Home Design,kitchen design,8,False,31,51.19
6446040791,Remodel AI - Home Design,ai remodel interior design,4,False,24,51.16
6446040791,Remodel AI - Home Design,free ai decorating,6,False,27,50.73
6446040791,Remodel AI - Home Design,home ai free,6,False,27,50.73
6446040791,Remodel AI - Home Design,ai home remodel,3,False,22,49.91
6446040791,Remodel AI - Home Design,home remodel,3,False,22,49.91
6446040791,Remodel AI - Home Design,homedesigns ai,3,False,22,49.91
6446040791,Remodel AI - Home Design,yardzen,3,False,22,49.91
6446040791,Remodel AI - Home Design,landscape,7,False,28,49.34
6446040791,Remodel AI - Home Design,home ai interior design app free,6,False,26,48.85
6446040791,Remodel AI - Home Design,bristles ai for diy design,2,False,20,48.25
6446040791,Remodel AI - Home Design,free landscape design app,5,False,24,48.05
6446040791,Remodel AI - Home Design,home gpt,5,False,24,48.05
6446040791,Remodel AI - Home Design,provia,5,False,24,48.05
6446040791,Remodel AI - Home Design,ai designer interior design,9,False,30,46.4
6446040791,Remodel AI - Home Design,bathroom remodel,5,False,23,46.05
6446040791,Remodel AI - Home Design,ai home exterior,2,False,19,45.84
6446040791,Remodel AI - Home Design,decor home ai,12,False,36,45.53
6446040791,Remodel AI - Home Design,roomgpt,13,False,38,44.88
6446040791,Remodel AI - Home Design,ai exterior home design,4,False,21,44.77
6446040791,Remodel AI - Home Design,ai landscape design,4,False,21,44.77
6446040791,Remodel AI - Home Design,ai remodel app,4,False,21,44.77
6446040791,Remodel AI - Home Design,backyard ai,7,False,25,44.05
6446040791,Remodel AI - Home Design,exterior house paint visualizer,7,False,25,44.05
6446040791,Remodel AI - Home Design,landscape ai free,7,False,25,44.05
6446040791,Remodel AI - Home Design,ai decorator free,2,False,18,43.43
6446040791,Remodel AI - Home Design,ai home design interior decai,11,False,32,43.31
6446040791,Remodel AI - Home Design,home visualizer ai,6,False,23,43.21
6446040791,Remodel AI - Home Design,ai room design,12,False,34,43.0
6446040791,Remodel AI - Home Design,aı home,8,False,26,42.94
6446040791,Remodel AI - Home Design,design ai,5,False,21,42.04
6446040791,Remodel AI - Home Design,paint visualizer,12,False,33,41.74
6446040791,Remodel AI - Home Design,landscape ai,6,False,22,41.33
6446040791,Remodel AI - Home Design,exterior paint visualizer,8,False,25,41.28
6446040791,Remodel AI - Home Design,homeai,8,False,25,41.28
6446040791,Remodel AI - Home Design,room ai interior design,8,False,25,41.28
6446040791,Remodel AI - Home Design,ai house exterior,1,False,16,41.03
6446040791,Remodel AI - Home Design,house remodel,3,False,18,40.83
6446040791,Remodel AI - Home Design,behr,10,False,28,40.53
6446040791,Remodel AI - Home Design,landscaping ai design,7,False,23,40.53
6446040791,Remodel AI - Home Design,collov ai,4,False,19,40.5
6446040791,Remodel AI - Home Design,home decor ai,9,False,26,40.21
6446040791,Remodel AI - Home Design,site one,5,False,20,40.04
6446040791,Remodel AI - Home Design,garden ai,8,False,24,39.63
6446040791,Remodel AI - Home Design,ai room,6,False,21,39.46
6446040791,Remodel AI - Home Design,ai garden design,7,False,22,38.77
6446040791,Remodel AI - Home Design,closet design,7,False,22,38.77
6446040791,Remodel AI - Home Design,deko,7,False,22,38.77
6446040791,Remodel AI - Home Design,home renovation,9,False,25,38.66
6446040791,Remodel AI - Home Design,exterior home design,2,False,16,38.6
6446040791,Remodel AI - Home Design,free remodeling app,2,False,16,38.6
6446040791,Remodel AI - Home Design,home renovation ai,2,False,16,38.6
6599855511,AI Home Design - Decor,ai home desıgn,15,False,43,100.0
6599855511,AI Home Design - Decor,home aı,20,False,46,74.36
6599855511,AI Home Design - Decor,aı home,14,False,26,64.86
6599855511,AI Home Design - Decor,decorilla,7,False,15,59.84
6599855511,AI Home Design - Decor,chairish furniture decor,14,False,14,34.93
6599855511,AI Home Design - Decor,ai home design decor,2,False,5,27.31
6599855511,AI Home Design - Decor,arch decor,2,False,5,27.31
6599855511,AI Home Design - Decor,cozy loft decor tips,2,False,5,27.31
6599855511,AI Home Design - Decor,décor,2,False,5,27.31
6599855511,AI Home Design - Decor,industrial dining area decor tips,2,False,5,27.31
6599855511,AI Home Design - Decor,your decor,2,False,5,27.31
6599855511,AI Home Design - Decor,bathroom decor,3,False,5,25.68
6599855511,AI Home Design - Decor,corner decor ideas,3,False,5,25.68
6599855511,AI Home Design - Decor,cozy guest bedroom decor tips,3,False,5,25.68
6599855511,AI Home Design - Decor,decor architecture,3,False,5,25.68
6599855511,AI Home Design - Decor,decor options,3,False,5,25.68
6599855511,AI Home Design - Decor,eclectic entryway decor tips,3,False,5,25.68
6599855511,AI Home Design - Decor,jorny decor,3,False,5,25.68
6599855511,AI Home Design - Decor,kourney decor,3,False,5,25.68
6599855511,AI Home Design - Decor,cozy attic space decor tips,4,False,5,24.13
6599855511,AI Home Design - Decor,decor redesign,4,False,5,24.13
6599855511,AI Home Design - Decor,decorazione giardino,4,False,5,24.13
6599855511,AI Home Design - Decor,jurney decor,4,False,5,24.13
6599855511,AI Home Design - Decor,venue decor theme,4,False,5,24.13
6599855511,AI Home Design - Decor,cozy basement decor tips,5,False,5,22.66
6599855511,AI Home Design - Decor,cozy hallway decor tips,5,False,5,22.66
6599855511,AI Home Design - Decor,decorio,5,False,5,22.66
6599855511,AI Home Design - Decor,mini decor,5,False,5,22.66
6599855511,AI Home Design - Decor,more decor,5,False,5,22.66
6599855511,AI Home Design - Decor,relax decor,5,False,5,22.66
6599855511,AI Home Design - Decor,virtual decor,5,False,5,22.66
6599855511,AI Home Design - Decor,creative decor,6,False,5,21.27
6599855511,AI Home Design - Decor,decor designer,6,False,5,21.27
6599855511,AI Home Design - Decor,decor experience,6,False,5,21.27
6599855511,AI Home Design - Decor,decor try,6,False,5,21.27
6599855511,AI Home Design - Decor,minimalist attic space decor tips,6,False,5,21.27
6599855511,AI Home Design - Decor,unique decor,6,False,5,21.27
6599855511,AI Home Design - Decor,fenox,20,False,13,21.01
6599855511,AI Home Design - Decor,special decor,7,False,5,19.95
6599855511,AI Home Design - Decor,style decor,7,False,5,19.95
6599855511,AI Home Design - Decor,create wall art decor,8,False,5,18.69
6599855511,AI Home Design - Decor,decor skills,8,False,5,18.69
6599855511,AI Home Design - Decor,decor tu casa,8,False,5,18.69
6599855511,AI Home Design - Decor,modern decor,8,False,5,18.69
6599855511,AI Home Design - Decor,toddler decor,8,False,5,18.69
6599855511,AI Home Design - Decor,aı design,33,False,32,17.85
6599855511,AI Home Design - Decor,decor brands,9,False,5,17.51
6599855511,AI Home Design - Decor,decor mystery,9,False,5,17.51
6599855511,AI Home Design - Decor,decor redecor,9,False,5,17.51
6599855511,AI Home Design - Decor,decor renovation,9,False,5,17.51
6599855511,AI Home Design - Decor,decor simulation,9,False,5,17.51
6599855511,AI Home Design - Decor,decor styles,9,False,5,17.51
6599855511,AI Home Design - Decor,decorateur d'intérieur,9,False,5,17.51
6599855511,AI Home Design - Decor,decoration decor,9,False,5,17.51
6599855511,AI Home Design - Decor,organic kids room decor tips,9,False,5,17.51
6599855511,AI Home Design - Decor,relax decor dream,9,False,5,17.51
6599855511,AI Home Design - Decor,relaxing decor,9,False,5,17.51
6599855511,AI Home Design - Decor,zen decor,9,False,5,17.51
6599855511,AI Home Design - Decor,a1 room decor paint,10,False,5,16.38
6599855511,AI Home Design - Decor,decoração de celular,10,False,5,16.38
6599855511,AI Home Design - Decor,layout decor,10,False,5,16.38
6599855511,AI Home Design - Decor,real decor,10,False,5,16.38
6599855511,AI Home Design - Decor,decor interior,11,False,5,15.32
6599855511,AI Home Design - Decor,decoracion tiendas,11,False,5,15.32
6599855511,AI Home Design - Decor,satisfy decor dream,11,False,5,15.32
6599855511,AI Home Design - Decor,decor 3,12,False,5,14.32
6599855511,AI Home Design - Decor,decor theme organizer,12,False,5,14.32
6599855511,AI Home Design - Decor,decor trends,12,False,5,14.32
6599855511,AI Home Design - Decor,decor youre room,12,False,5,14.32
6599855511,AI Home Design - Decor,designer decor,12,False,5,14.32
6599855511,AI Home Design - Decor,diy decor,12,False,5,14.32
6599855511,AI Home Design - Decor,décoration jardin,12,False,5,14.32
6599855511,AI Home Design - Decor,cozy shared bedroom decor tips,13,False,5,13.37
6599855511,AI Home Design - Decor,design aı home,13,False,5,13.37
6599855511,AI Home Design - Decor,decor kit,14,False,5,12.47
6599855511,AI Home Design - Decor,decor remodels,14,False,5,12.47
6599855511,AI Home Design - Decor,decor theme,14,False,5,12.47
6599855511,AI Home Design - Decor,décoration extérieure,14,False,5,12.47
6599855511,AI Home Design - Decor,decor lifestyle,15,False,5,11.63
6599855511,AI Home Design - Decor,decor sim,15,False,5,11.63
6599855511,AI Home Design - Decor,decorate ai,30,False,16,11.61
6599855511,AI Home Design - Decor,decor remodel,16,False,5,10.83
6599855511,AI Home Design - Decor,decor renovate,16,False,5,10.83
6599855511,AI Home Design - Decor,décoration d’intérieur ai,16,False,5,10.83
6599855511,AI Home Design - Decor,journey decor,16,False,5,10.83
6599855511,AI Home Design - Decor,remodel decor,16,False,5,10.83
6599855511,AI Home Design - Decor,ai ديكور,17,False,5,10.08
6599855511,AI Home Design - Decor,decor dream cozy,17,False,5,10.08
6599855511,AI Home Design - Decor,decor interiors,17,False,5,10.08
6599855511,AI Home Design - Decor,decor items,17,False,5,10.08
6599855511,AI Home Design - Decor,wall art decor,17,False,5,10.08
6599855511,AI Home Design - Decor,decorun,18,True,5,9.37
6599855511,AI Home Design - Decor,edit my house decor,18,False,5,9.37
6599855511,AI Home Design - Decor,interior decor decoration,18,False,5,9.37
6599855511,AI Home Design - Decor,ai decorator interior design,34,False,18,9.17
6599855511,AI Home Design - Decor,eclectic nursery decor tips,19,False,5,8.71
6599855511,AI Home Design - Decor,edit room decor,19,False,5,8.71
6599855511,AI Home Design - Decor,interior decor brands,19,False,5,8.71
6599855511,AI Home Design - Decor,room decor ai,19,False,5,8.71
6599855511,AI Home Design - Decor,shop decor,19,False,5,8.71
6746599956,Decofy:AI House Design Planner,create deco,3,False,5,100.0
6746599956,Decofy:AI House Design Planner,ai hous,13,False,5,52.06
6746599956,Decofy:AI House Design Planner,cogent design,13,False,5,52.06
6746599956,Decofy:AI House Design Planner,déco plan,20,False,5,31.47
6746599956,Decofy:AI House Design Planner,ñ exterio planner,21,False,5,29.18
6746599956,Decofy:AI House Design Planner,déco murale,25,False,5,21.37
6746599956,Decofy:AI House Design Planner,design your own buisness,26,False,5,19.71
6746599956,Decofy:AI House Design Planner,desings,29,True,5,15.38
6746599956,Decofy:AI House Design Planner,designed exclusively,32,False,5,11.87
6746599956,Decofy:AI House Design Planner,designer sublimation,37,False,5,7.51
6746599956,Decofy:AI House Design Planner,aria anthem ditty,38,False,5,6.82
6746599956,Decofy:AI House Design Planner,ravey,39,False,5,6.19
6746599956,Decofy:AI House Design Planner,article friday,40,False,5,5.6
6746599956,Decofy:AI House Design Planner,aria anthem carol,41,False,5,5.06
6746599956,Decofy:AI House Design Planner,transform your space,41,False,5,5.06
6746599956,Decofy:AI House Design Planner,friday article,45,False,5,3.32
6746599956,Decofy:AI House Design Planner,chambre ai déco design intérieur,48,False,5,2.37
6746599956,Decofy:AI House Design Planner,design your space,48,False,5,2.37
6746599956,Decofy:AI House Design Planner,suelio,48,False,5,2.37
6746599956,Decofy:AI House Design Planner,eglaf,51,False,5,1.66
6746599956,Decofy:AI House Design Planner,houses planner,51,False,5,1.66
6746599956,Decofy:AI House Design Planner,تصميم غرف ai,51,False,5,1.66
6746599956,Decofy:AI House Design Planner,ai تصميم منزل,52,False,5,1.47
6746599956,Decofy:AI House Design Planner,rocollectible,52,False,5,1.47
6746599956,Decofy:AI House Design Planner,تصميم منزلي ai,52,False,5,1.47
6746599956,Decofy:AI House Design Planner,ai design تصميم منزل,53,False,5,1.29
6746599956,Decofy:AI House Design Planner,curated conversations,53,False,5,1.29
6746599956,Decofy:AI House Design Planner,deco murale,54,False,5,1.14
6746599956,Decofy:AI House Design Planner,xoana,54,False,5,1.14
6746599956,Decofy:AI House Design Planner,designer ai house,55,False,5,1.0
6746599956,Decofy:AI House Design Planner,expert curated,55,False,5,1.0
6746599956,Decofy:AI House Design Planner,modern apartment planner,55,False,5,1.0
6746599956,Decofy:AI House Design Planner,تصاميم ذكاء اصطناعي,56,False,5,0.87
6746599956,Decofy:AI House Design Planner,design space maker,59,False,5,0.57
6746599956,Decofy:AI House Design Planner,designers discover,59,False,5,0.57
6746599956,Decofy:AI House Design Planner,entryway,59,False,5,0.57
6746599956,Decofy:AI House Design Planner,غرف ai,60,False,5,0.49
6746599956,Decofy:AI House Design Planner,ai house designn,62,False,5,0.36
6746599956,Decofy:AI House Design Planner,arquitetura e design gratis,62,False,5,0.36
6746599956,Decofy:AI House Design Planner,design secrets,64,False,5,0.26
6746599956,Decofy:AI House Design Planner,منزل ai,64,False,5,0.26
6746599956,Decofy:AI House Design Planner,decohouse,66,False,5,0.19
6746599956,Decofy:AI House Design Planner,ai decor ideas,67,False,5,0.16
6746599956,Decofy:AI House Design Planner,humanify human design,67,False,5,0.16
6746599956,Decofy:AI House Design Planner,designer house ai,68,False,5,0.13
6746599956,Decofy:AI House Design Planner,instant design,68,False,5,0.13
6746599956,Decofy:AI House Design Planner,modern design,68,False,5,0.13
6746599956,Decofy:AI House Design Planner,design bundles,69,False,5,0.11
6746599956,Decofy:AI House Design Planner,real designer,69,False,5,0.11
6746599956,Decofy:AI House Design Planner,personalize your space with ai,70,False,5,0.09
6746599956,Decofy:AI House Design Planner,ai designer house,73,False,5,0.05
6746599956,Decofy:AI House Design Planner,revola,73,False,5,0.05
6746599956,Decofy:AI House Design Planner,apdg,75,False,5,0.03
6746599956,Decofy:AI House Design Planner,ai furniture replacement,76,False,5,0.02
6746599956,Decofy:AI House Design Planner,reimagine your,76,False,5,0.02
6746599956,Decofy:AI House Design Planner,rozit,76,False,5,0.02
6746599956,Decofy:AI House Design Planner,ai decorator interior design free,84,False,34,0.01
6746599956,Decofy:AI House Design Planner,designe planner,79,False,5,0.01
6746599956,Decofy:AI House Design Planner,jjk screen,79,False,5,0.01
6746599956,Decofy:AI House Design Planner,overpriced,78,False,5,0.01
6746599956,Decofy:AI House Design Planner,ovolo,80,False,5,0.01
6746599956,Decofy:AI House Design Planner,planner house designer,80,False,5,0.01
6746599956,Decofy:AI House Design Planner,ديكور الغرفة,79,False,5,0.01
6746599956,Decofy:AI House Design Planner,1515 cesar chavez,88,False,5,0.0
6746599956,Decofy:AI House Design Planner,aesthetic preview,86,False,5,0.0
6746599956,Decofy:AI House Design Planner,ai hous designer,82,False,5,0.0
6746599956,Decofy:AI House Design Planner,cobogó,91,False,5,0.0
6746599956,Decofy:AI House Design Planner,desifn,90,True,5,0.0
6746599956,Decofy:AI House Design Planner,design buy,92,False,5,0.0
6746599956,Decofy:AI House Design Planner,design decorating ai,96,False,5,0.0
6746599956,Decofy:AI House Design Planner,design exclusive,92,False,5,0.0
6746599956,Decofy:AI House Design Planner,design exclusives,90,False,5,0.0
6746599956,Decofy:AI House Design Planner,design house ai,83,False,5,0.0
6746599956,Decofy:AI House Design Planner,design instantly,87,False,5,0.0
6746599956,Decofy:AI House Design Planner,design money,98,False,5,0.0
6746599956,Decofy:AI House Design Planner,design planner,97,False,5,0.0
6746599956,Decofy:AI House Design Planner,design studio for craft space,91,False,5,0.0
6746599956,Decofy:AI House Design Planner,design trends,87,False,5,0.0
6746599956,Decofy:AI House Design Planner,design your plan,90,False,5,0.0
6746599956,Decofy:AI House Design Planner,expert design,94,False,5,0.0
6746599956,Decofy:AI House Design Planner,house ai designer,83,False,5,0.0
6746599956,Decofy:AI House Design Planner,house design free,95,False,19,0.0
6746599956,Decofy:AI House Design Planner,house designer ai,89,False,5,0.0
6746599956,Decofy:AI House Design Planner,minimalist design,94,False,5,0.0
6746599956,Decofy:AI House Design Planner,oemis,88,False,5,0.0
6746599956,Decofy:AI House Design Planner,plan your room with ai,84,False,5,0.0
6746599956,Decofy:AI House Design Planner,planner ai house design,84,False,5,0.0
6746599956,Decofy:AI House Design Planner,planner house design,85,False,5,0.0
6746599956,Decofy:AI House Design Planner,proem,97,False,5,0.0
6746599956,Decofy:AI House Design Planner,programming prat,90,False,5,0.0
6746599956,Decofy:AI House Design Planner,redesign your living space,89,False,5,0.0
6746599956,Decofy:AI House Design Planner,simple design podcast,96,False,5,0.0
6746599956,Decofy:AI House Design Planner,sublimations designer,96,False,5,0.0
6746599956,Decofy:AI House Design Planner,the designer outnet,88,False,5,0.0
6746599956,Decofy:AI House Design Planner,tonol,85,False,5,0.0
6746599956,Decofy:AI House Design Planner,تقدير,94,False,21,0.0
6744885843,CozyAI - AI Home Design,collov ai,7,False,19,100.0
6744885843,CozyAI - AI Home Design,my room colovisualizer,7,False,5,26.32
6744885843,CozyAI - AI Home Design,home stage,10,False,5,21.62
6744885843,CozyAI - AI Home Design,collav,11,True,5,20.21
6744885843,CozyAI - AI Home Design,collov,11,False,5,20.21
6744885843,CozyAI - AI Home Design,collovgpt,11,True,5,20.21
6744885843,CozyAI - AI Home Design,virtual renovation,16,False,5,14.29
6744885843,CozyAI - AI Home Design,my room colvisualizer,34,False,5,3.36
6744885843,CozyAI - AI Home Design,ai stage,35,False,5,3.07
6744885843,CozyAI - AI Home Design,flavr,43,False,5,1.39
6744885843,CozyAI - AI Home Design,corner sofa,51,False,5,0.56
6744885843,CozyAI - AI Home Design,cogent design,53,False,5,0.44
6744885843,CozyAI - AI Home Design,my room covisualizer,60,False,5,0.17
6744885843,CozyAI - AI Home Design,design inv,66,False,5,0.06
6744885843,CozyAI - AI Home Design,renovate ai home,67,False,5,0.05
6744885843,CozyAI - AI Home Design,remodel home renovation,69,False,5,0.04
6744885843,CozyAI - AI Home Design,room covisualizer,69,False,5,0.04
6744885843,CozyAI - AI Home Design,design remodelé ai,70,False,5,0.03
6744885843,CozyAI - AI Home Design,home design renovation,70,False,5,0.03
6744885843,CozyAI - AI Home Design,plane room ai,71,False,5,0.02
6744885843,CozyAI - AI Home Design,article friday,94,False,5,0.0
6744885843,CozyAI - AI Home Design,decor ai decorator,81,False,5,0.0
6744885843,CozyAI - AI Home Design,decorate everywhere,78,False,5,0.0
6744885843,CozyAI - AI Home Design,designer ai home,95,False,5,0.0
6744885843,CozyAI - AI Home Design,friday article,98,False,5,0.0
6744885843,CozyAI - AI Home Design,home room ai,93,False,5,0.0
6744885843,CozyAI - AI Home Design,my room cvisualizer,82,False,5,0.0
6744885843,CozyAI - AI Home Design,room ai home,78,False,5,0.0
6744885843,CozyAI - AI Home Design,sweet design room,96,False,5,0.0
6744885843,CozyAI - AI Home Design,transform your space,95,False,5,0.0
6742654523,AI Home Design - Ruma,ریما,15,False,25,100.0
6742654523,AI Home Design - Ruma,aı home design,33,False,43,41.25
6742654523,AI Home Design - Ruma,rocollectible,5,False,5,38.98
6742654523,AI Home Design - Ruma,elegantly designed,9,False,5,30.11
6742654523,AI Home Design - Ruma,ai decorator,31,False,24,27.47
6742654523,AI Home Design - Ruma,my renova,11,False,5,26.35
6742654523,AI Home Design - Ruma,blinding colrs,15,False,5,20.0
6742654523,AI Home Design - Ruma,chambre ai déco design intérieur,17,False,5,17.34
6742654523,AI Home Design - Ruma,reimagine home ai,37,False,26,17.24
6742654523,AI Home Design - Ruma,ultimate interior,18,False,5,16.12
6742654523,AI Home Design - Ruma,jjk screen,21,False,5,12.89
6742654523,AI Home Design - Ruma,reimagine your,21,False,5,12.89
6742654523,AI Home Design - Ruma,ai balcony style,22,False,5,11.94
6742654523,AI Home Design - Ruma,ai balcony generator,24,False,5,10.22
6742654523,AI Home Design - Ruma,eglaf,24,False,5,10.22
6742654523,AI Home Design - Ruma,instant design,24,False,5,10.22
6742654523,AI Home Design - Ruma,design aı home,26,False,5,8.71
6742654523,AI Home Design - Ruma,ai visitenkarten,27,False,5,8.03
6742654523,AI Home Design - Ruma,friday article,27,False,5,8.03
6742654523,AI Home Design - Ruma,modern apartment planner,27,False,5,8.03
6742654523,AI Home Design - Ruma,stunning designs,27,False,5,8.03
6742654523,AI Home Design - Ruma,ai balcony remodel,28,False,5,7.39
6742654523,AI Home Design - Ruma,corner room design,28,False,5,7.39
6742654523,AI Home Design - Ruma,modern bedroom tool,28,False,5,7.39
6742654523,AI Home Design - Ruma,ruma,28,False,5,7.39
6742654523,AI Home Design - Ruma,ai floor plan creator,41,False,16,7.16
6742654523,AI Home Design - Ruma,ai furniture,39,False,13,7.1
6742654523,AI Home Design - Ruma,ai apartment redesign,29,False,5,6.79
6742654523,AI Home Design - Ruma,ai dining room planner,29,False,5,6.79
6742654523,AI Home Design - Ruma,ai room visualizer,29,False,5,6.79
6742654523,AI Home Design - Ruma,apdg,29,False,5,6.79
6742654523,AI Home Design - Ruma,modern living room ai,30,False,5,6.24
6742654523,AI Home Design - Ruma,programming prat,30,False,5,6.24
6742654523,AI Home Design - Ruma,ai bedroom layout,31,False,5,5.72
6742654523,AI Home Design - Ruma,ai decorate,31,False,5,5.72
6742654523,AI Home Design - Ruma,ai apartment render,32,False,5,5.24
6742654523,AI Home Design - Ruma,ai living room,32,False,5,5.24
6742654523,AI Home Design - Ruma,curated conversations,32,False,5,5.24
6742654523,AI Home Design - Ruma,curtain ai,32,False,5,5.24
6742654523,AI Home Design - Ruma,decorilla,44,False,15,4.91
6742654523,AI Home Design - Ruma,ai innenarchitektur,33,False,5,4.8
6742654523,AI Home Design - Ruma,cozy basement style guide,33,False,5,4.8
6742654523,AI Home Design - Ruma,bedroom ai designer,34,False,5,4.38
6742654523,AI Home Design - Ruma,doowalls,34,False,5,4.38
6742654523,AI Home Design - Ruma,interiors enjoy,34,False,5,4.38
6742654523,AI Home Design - Ruma,ai living room style,35,False,5,4.0
6742654523,AI Home Design - Ruma,apartment design with ai,35,False,5,4.0
6742654523,AI Home Design - Ruma,cozy attic space ai suggestions,35,False,5,4.0
6742654523,AI Home Design - Ruma,balcony ai planner,36,False,5,3.64
6742654523,AI Home Design - Ruma,decorate ai,48,False,16,3.35
6742654523,AI Home Design - Ruma,ai apartment decorator,37,False,5,3.32
6742654523,AI Home Design - Ruma,ai patio design,37,False,5,3.32
6742654523,AI Home Design - Ruma,ai terrace remodel,37,False,5,3.32
6742654523,AI Home Design - Ruma,bedroom style changer,37,False,5,3.32
6742654523,AI Home Design - Ruma,tidyroom ai,37,False,5,3.32
6742654523,AI Home Design - Ruma,ai dining room style,38,False,5,3.01
6742654523,AI Home Design - Ruma,bedroom layout ai,38,False,5,3.01
6742654523,AI Home Design - Ruma,cozy attic space color palette ideas,38,False,5,3.01
6742654523,AI Home Design - Ruma,dining room ai,38,False,5,3.01
6742654523,AI Home Design - Ruma,intuitive design,38,False,5,3.01
6742654523,AI Home Design - Ruma,living room layout ai,38,False,5,3.01
6742654523,AI Home Design - Ruma,nuwud,38,False,5,3.01
6742654523,AI Home Design - Ruma,ai apartment design,39,False,5,2.73
6742654523,AI Home Design - Ruma,ai bathroom style,39,False,5,2.73
6742654523,AI Home Design - Ruma,ai room render,39,False,5,2.73
6742654523,AI Home Design - Ruma,article friday,39,False,5,2.73
6742654523,AI Home Design - Ruma,dining room remodel ai,39,False,5,2.73
6742654523,AI Home Design - Ruma,endless customization,39,False,5,2.73
6742654523,AI Home Design - Ruma,studiom,39,True,5,2.73
6742654523,AI Home Design - Ruma,visual room planner ai,39,False,5,2.73
6742654523,AI Home Design - Ruma,ai dining room designer,40,False,5,2.47
6742654523,AI Home Design - Ruma,ai terrace style,40,False,5,2.47
6742654523,AI Home Design - Ruma,idée de plan d'étage 3d,40,False,5,2.47
6742654523,AI Home Design - Ruma,luxury ai designer,40,False,5,2.47
6742654523,AI Home Design - Ruma,revola,40,False,5,2.47
6742654523,AI Home Design - Ruma,traditional room planner,40,False,5,2.47
6742654523,AI Home Design - Ruma,decor home ai,57,False,36,2.41
6742654523,AI Home Design - Ruma,abask,41,False,5,2.24
6742654523,AI Home Design - Ruma,ai bedroom planner,41,False,5,2.24
6742654523,AI Home Design - Ruma,ai bedroom style,41,False,5,2.24
6742654523,AI Home Design - Ruma,ai dining room creator,41,False,5,2.24
6742654523,AI Home Design - Ruma,designers discover,41,False,5,2.24
6742654523,AI Home Design - Ruma,floor room ai,41,False,5,2.24
6742654523,AI Home Design - Ruma,zen hallway style guide,41,False,5,2.24
6742654523,AI Home Design - Ruma,aı design,57,False,32,2.15
6742654523,AI Home Design - Ruma,ai designer room,42,False,5,2.02
6742654523,AI Home Design - Ruma,ai living room tool,42,False,5,2.02
6742654523,AI Home Design - Ruma,ai patio layout,42,False,5,2.02
6742654523,AI Home Design - Ruma,ai patio style,42,False,5,2.02
6742654523,AI Home Design - Ruma,curtainai,42,False,5,2.02
6742654523,AI Home Design - Ruma,dining room render,42,False,5,2.02
6742654523,AI Home Design - Ruma,living room ai,42,False,5,2.02
6742654523,AI Home Design - Ruma,zremodel ai,42,False,5,2.02
6742654523,AI Home Design - Ruma,roomgpt ai interior design,56,False,24,1.85
6742654523,AI Home Design - Ruma,ai floor room,43,False,5,1.82
6742654523,AI Home Design - Ruma,apartment ai design,43,False,5,1.82
6742654523,AI Home Design - Ruma,arch ai interior design,43,False,5,1.82
6742654523,AI Home Design - Ruma,balcony ai tool,43,False,5,1.82
6742654523,AI Home Design - Ruma,curb appeal ai,43,False,5,1.82
6742654523,AI Home Design - Ruma,dining room photo,43,False,5,1.82
